<?xml version="1.0" encoding="UTF-8"?>
<DARoots Version="1"
		Minor="22">
	<FileSet Name="sim_1"
			Type="SimulationSrcs"
			RelSrcDir="$PSRCDIR/sim_1">
		<Filter Type="Srcs"/>
		<File Path="$PSRCDIR/sim_1/imports/shifter/testShift.v">
			<FileInfo>
				<Attr Name="ImportPath"
						Val="$PSRCDIR/sources_1/imports/facu/DispositivosInOut/shifter/testShift.v"/>
				<Attr Name="ImportTime"
						Val="1466612586"/>
				<Attr Name="UsedInSynthesis"
						Val="1"/>
				<Attr Name="UsedInImplementation"
						Val="1"/>
				<Attr Name="UsedInSimulation"
						Val="1"/>
			</FileInfo>
		</File>
		<Config>
			<Option Name="DesignMode"
					Val="RTL"/>
			<Option Name="TopModule"
					Val="Placa"/>
			<Option Name="TopLib"
					Val="work"/>
			<Option Name="TopRTLFile"
					Val="$PSRCDIR/sources_1/imports/facu/MaquinaSencilla_IO/Placa.v"/>
			<Option Name="TopAutoSet"
					Val="TRUE"/>
			<Option Name="SrcSet"
					Val="sources_1"/>
		</Config>
	</FileSet>
</DARoots>
