<?xml version="1.0"?>
<Runs Version="1" Minor="8">
	<Run Id="synth_1" Type="Ft3:Synth" SrcSet="sources_1" Part="xc6slx16csg324-2" LaunchPart="xc6slx16csg324-2" ConstrsSet="constrs_1" Description="PlanAhead Defaults (XST defaults with hierarchy)" State="current" Dir="$PRUNDIR/synth_1" LaunchTime="1467215625">
		<File Type="RUN-SRCS" Name="$PDATADIR/runs/synth_1/sources.xml"/>
		<File Type="XST-NGC" Name="Placa.ngc"/>
		<File Type="RUN-CONSTRS" Name="$PDATADIR/runs/synth_1/constrs_in.xml"/>
		<File Type="XST-SRP" Name="Placa.srp"/>
		<File Type="PA-XST" Name="Placa.xst"/>
		<File Type="RUN-STRAT" Name="$PDATADIR/runs/synth_1/synth_1.psg"/>
		<File Type="PA-XSTPRJ" Name="Placa.prj"/>
		<Search Dir="$PSRCDIR/sources_1/imports/facu/DispositivosInOut/uart"/>
	</Run>
	<Run Id="impl_1" Type="Ft2:EntireDesign" SynthRun="synth_1" Part="xc6slx16csg324-2" LaunchPart="xc6slx16csg324-2" ConstrsSet="constrs_1" Description="ISE Defaults, including packing registers in IOs off" State="current" Dir="$PRUNDIR/impl_1" LaunchTime="1467215675">
		<File Type="PA-EDIF" Name="Placa.edf"/>
		<File Type="MAP-MRP" Name="Placa.mrp"/>
		<File Type="PA-UCF" Name="Placa.ucf"/>
		<File Type="MAP-MAP" Name="Placa.map"/>
		<File Type="MAP-PSR" Name="Placa.psr"/>
		<File Type="PAR-NCD" Name="Placa_routed.ncd"/>
		<File Type="PAR-PAD" Name="Placa_routed_pad.txt"/>
		<File Type="PAR-PAR" Name="Placa_routed.par"/>
		<File Type="PAR-UNR" Name="Placa_routed.unroutes"/>
		<File Type="PA-CONSTRSDIR" Name=".constrs"/>
		<File Type="BG-BIT" Name="Placa.bit"/>
		<File Type="BG-DRC" Name="Placa.drc"/>
		<File Type="BG-BGN" Name="Placa.bgn"/>
		<File Type="TRCE-TWR" Name="Placa.twr"/>
		<File Type="TRCE-TWX" Name="Placa.twx"/>
		<File Type="XDL-XDL" Name="Placa_routed.xdl"/>
		<File Type="WBT-USG" Name="usage_statistics_webtalk.html"/>
		<File Type="WBT-LOG" Name="webtalk.log"/>
		<File Type="RUN-CONSTRS" Name="$PDATADIR/runs/impl_1/constrs_in.xml"/>
		<File Type="RUN-STRAT" Name="$PDATADIR/runs/impl_1/impl_1.psg"/>
		<File Type="NGDB-NGD" Name="Placa.ngd"/>
		<File Type="NGDB-BLD" Name="Placa.bld"/>
		<File Type="MAP-NCD" Name="Placa.ncd"/>
		<File Type="MAP-PCF" Name="Placa.pcf"/>
	</Run>
</Runs>

