<?xml version="1.0"?>
<Runs Version="1" Minor="8">
	<Run Id="synth_1" Type="Ft3:Synth" SrcSet="sources_1" Part="xc6slx16csg324-2" LaunchPart="xc6slx16csg324-2" ConstrsSet="constrs_1" Description="PlanAhead Defaults (XST defaults with hierarchy)" State="current" Dir="$PRUNDIR/synth_1" LaunchTime="1467207217">
		<File Type="RUN-SRCS" Name="$PDATADIR/runs/synth_1/sources.xml"/>
		<File Type="XST-NGC" Name="Placa.ngc"/>
		<File Type="RUN-CONSTRS" Name="$PDATADIR/runs/synth_1/constrs_in.xml"/>
		<File Type="XST-SRP" Name="Placa.srp"/>
		<File Type="PA-XST" Name="Placa.xst"/>
		<File Type="RUN-STRAT" Name="$PDATADIR/runs/synth_1/synth_1.psg"/>
		<File Type="PA-XSTPRJ" Name="Placa.prj"/>
		<Search Dir="$PSRCDIR/sources_1/imports/facu/DispositivosInOut/uart"/>
	</Run>
	<Run Id="impl_1" Type="Ft2:EntireDesign" SynthRun="synth_1" Part="xc6slx16csg324-2" ConstrsSet="constrs_1" Description="ISE Defaults, including packing registers in IOs off" State="current"/>
</Runs>

