<?xml version="1.0" encoding="UTF-8"?>
<DARoots Version="1"
		Minor="22">
	<FileSet Name="constrs_in"
			Type="Constrs"
			RelSrcDir="$PSRCDIR/constrs_1">
		<Filter Type=""/>
		<File Path="$PSRCDIR/constrs_1/imports/MaquinaSencilla_IO/Nexys3_master.ucf">
			<FileInfo>
				<Attr Name="ImportPath"
						Val="F:/aca_otras_cosas/facu/MaquinaSencilla_IO/Nexys3_master.ucf"/>
				<Attr Name="ImportTime"
						Val="1466606430"/>
				<Attr Name="UsedInSynthesis"
						Val="1"/>
				<Attr Name="UsedInImplementation"
						Val="1"/>
				<Attr Name="UsedInSimulation"
						Val="1"/>
			</FileInfo>
		</File>
		<Config>
			<Option Name="TargetConstrsFile"
					Val="$PSRCDIR/constrs_1/imports/MaquinaSencilla_IO/Nexys3_master.ucf"/>
			<Option Name="ConstrsType"
					Val="UCF"/>
		</Config>
	</FileSet>
</DARoots>
