<?xml version="1.0" encoding="UTF-8"?>
<!-- IMPORTANT: This is an internal file that has been generated
     by the Xilinx ISE software.  Any direct editing or
     changes made to this file may result in unpredictable
     behavior or data corruption.  It is strongly advised that
     users do not edit the contents of this file. -->
<DeviceUsageSummary rev="2">
<DesignStatistics TimeStamp="Wed Jun 29 12:55:11 2016"><group name="NetStatistics">
<item name="NumNets_Active" rev="2">
<attrib name="value" value="514"/></item>
<item name="NumNets_Gnd" rev="2">
<attrib name="value" value="1"/></item>
<item name="NumNets_Vcc" rev="2">
<attrib name="value" value="1"/></item>
<item name="NumNodesOfType_Active_BOUNCEACROSS" rev="2">
<attrib name="value" value="14"/></item>
<item name="NumNodesOfType_Active_BOUNCEIN" rev="2">
<attrib name="value" value="93"/></item>
<item name="NumNodesOfType_Active_BUFGOUT" rev="2">
<attrib name="value" value="5"/></item>
<item name="NumNodesOfType_Active_BUFHINP2OUT" rev="2">
<attrib name="value" value="7"/></item>
<item name="NumNodesOfType_Active_CLKPIN" rev="2">
<attrib name="value" value="95"/></item>
<item name="NumNodesOfType_Active_CLKPINFEED" rev="2">
<attrib name="value" value="15"/></item>
<item name="NumNodesOfType_Active_CNTRLPIN" rev="2">
<attrib name="value" value="127"/></item>
<item name="NumNodesOfType_Active_DOUBLE" rev="2">
<attrib name="value" value="608"/></item>
<item name="NumNodesOfType_Active_GENERIC" rev="2">
<attrib name="value" value="47"/></item>
<item name="NumNodesOfType_Active_GLOBAL" rev="2">
<attrib name="value" value="59"/></item>
<item name="NumNodesOfType_Active_INPUT" rev="2">
<attrib name="value" value="22"/></item>
<item name="NumNodesOfType_Active_IOBIN2OUT" rev="2">
<attrib name="value" value="32"/></item>
<item name="NumNodesOfType_Active_IOBOUTPUT" rev="2">
<attrib name="value" value="32"/></item>
<item name="NumNodesOfType_Active_LUTINPUT" rev="2">
<attrib name="value" value="1351"/></item>
<item name="NumNodesOfType_Active_OUTBOUND" rev="2">
<attrib name="value" value="485"/></item>
<item name="NumNodesOfType_Active_OUTPUT" rev="2">
<attrib name="value" value="486"/></item>
<item name="NumNodesOfType_Active_PADINPUT" rev="2">
<attrib name="value" value="20"/></item>
<item name="NumNodesOfType_Active_PADOUTPUT" rev="2">
<attrib name="value" value="15"/></item>
<item name="NumNodesOfType_Active_PINBOUNCE" rev="2">
<attrib name="value" value="408"/></item>
<item name="NumNodesOfType_Active_PINFEED" rev="2">
<attrib name="value" value="1545"/></item>
<item name="NumNodesOfType_Active_QUAD" rev="2">
<attrib name="value" value="235"/></item>
<item name="NumNodesOfType_Active_REGINPUT" rev="2">
<attrib name="value" value="183"/></item>
<item name="NumNodesOfType_Active_SINGLE" rev="2">
<attrib name="value" value="975"/></item>
<item name="NumNodesOfType_Vcc_GENERIC" rev="2">
<attrib name="value" value="1"/></item>
<item name="NumNodesOfType_Vcc_HVCCOUT" rev="2">
<attrib name="value" value="37"/></item>
<item name="NumNodesOfType_Vcc_IOBIN2OUT" rev="2">
<attrib name="value" value="1"/></item>
<item name="NumNodesOfType_Vcc_IOBOUTPUT" rev="2">
<attrib name="value" value="1"/></item>
<item name="NumNodesOfType_Vcc_KVCCOUT" rev="2">
<attrib name="value" value="4"/></item>
<item name="NumNodesOfType_Vcc_LUTINPUT" rev="2">
<attrib name="value" value="72"/></item>
<item name="NumNodesOfType_Vcc_PADINPUT" rev="2">
<attrib name="value" value="1"/></item>
<item name="NumNodesOfType_Vcc_PINBOUNCE" rev="2">
<attrib name="value" value="4"/></item>
<item name="NumNodesOfType_Vcc_PINFEED" rev="2">
<attrib name="value" value="73"/></item>
<item name="NumNodesOfType_Vcc_REGINPUT" rev="2">
<attrib name="value" value="4"/></item>
</group>
<group name="SiteStatistics">
<item name="BUFG-BUFGMUX" rev="2">
<attrib name="value" value="5"/></item>
<item name="IOB-IOBM" rev="2">
<attrib name="value" value="15"/></item>
<item name="IOB-IOBS" rev="2">
<attrib name="value" value="21"/></item>
<item name="SLICEL-SLICEM" rev="2">
<attrib name="value" value="6"/></item>
<item name="SLICEX-SLICEL" rev="2">
<attrib name="value" value="17"/></item>
<item name="SLICEX-SLICEM" rev="2">
<attrib name="value" value="23"/></item>
</group>
<group name="MiscellaneousStatistics">
<item name="AGG_BONDED_IO" rev="1">
<attrib name="value" value="36"/></item>
<item name="AGG_IO" rev="1">
<attrib name="value" value="36"/></item>
<item name="AGG_LOCED_IO" rev="1">
<attrib name="value" value="34"/></item>
<item name="AGG_SLICE" rev="1">
<attrib name="value" value="123"/></item>
<item name="NUM_BONDED_IOB" rev="1">
<attrib name="value" value="36"/></item>
<item name="NUM_BSFULL" rev="1">
<attrib name="value" value="162"/></item>
<item name="NUM_BSLUTONLY" rev="1">
<attrib name="value" value="145"/></item>
<item name="NUM_BSREGONLY" rev="1">
<attrib name="value" value="57"/></item>
<item name="NUM_BSUSED" rev="1">
<attrib name="value" value="364"/></item>
<item name="NUM_BUFG" rev="1">
<attrib name="value" value="5"/></item>
<item name="NUM_DPRAM_O5ANDO6" rev="1">
<attrib name="value" value="8"/></item>
<item name="NUM_DPRAM_O6ONLY" rev="1">
<attrib name="value" value="8"/></item>
<item name="NUM_LOCED_IOB" rev="1">
<attrib name="value" value="34"/></item>
<item name="NUM_LOGIC_O5ANDO6" rev="1">
<attrib name="value" value="44"/></item>
<item name="NUM_LOGIC_O5ONLY" rev="1">
<attrib name="value" value="16"/></item>
<item name="NUM_LOGIC_O6ONLY" rev="1">
<attrib name="value" value="186"/></item>
<item name="NUM_LUT_RT_DRIVES_CARRY4" rev="1">
<attrib name="value" value="1"/></item>
<item name="NUM_LUT_RT_DRIVES_FLOP" rev="1">
<attrib name="value" value="12"/></item>
<item name="NUM_LUT_RT_EXO5" rev="1">
<attrib name="value" value="12"/></item>
<item name="NUM_LUT_RT_EXO6" rev="1">
<attrib name="value" value="1"/></item>
<item name="NUM_LUT_RT_O5" rev="1">
<attrib name="value" value="4"/></item>
<item name="NUM_LUT_RT_O6" rev="1">
<attrib name="value" value="16"/></item>
<item name="NUM_SLICEL" rev="1">
<attrib name="value" value="19"/></item>
<item name="NUM_SLICEM" rev="1">
<attrib name="value" value="13"/></item>
<item name="NUM_SLICEX" rev="1">
<attrib name="value" value="91"/></item>
<item name="NUM_SLICE_CARRY4" rev="1">
<attrib name="value" value="9"/></item>
<item name="NUM_SLICE_CONTROLSET" rev="1">
<attrib name="value" value="28"/></item>
<item name="NUM_SLICE_CYINIT" rev="1">
<attrib name="value" value="381"/></item>
<item name="NUM_SLICE_F7MUX" rev="1">
<attrib name="value" value="26"/></item>
<item name="NUM_SLICE_FF" rev="1">
<attrib name="value" value="255"/></item>
<item name="NUM_SLICE_UNUSEDCTRL" rev="1">
<attrib name="value" value="28"/></item>
<item name="NUM_SPRAM_O6ONLY" rev="1">
<attrib name="value" value="32"/></item>
<item name="NUM_UNUSABLE_FF_BELS" rev="1">
<attrib name="value" value="65"/></item>
<item name="Xilinx Core fifo_generator_v9_1, Xilinx CORE Generator 14.1" rev="1">
<attrib name="value" value="1"/></item>
</group>
</DesignStatistics>
<DeviceUsage TimeStamp="Wed Jun 29 12:55:11 2016"><group name="SiteSummary">
<item name="BUFG" rev="2">
<attrib name="total" value="1000000"/><attrib name="used" value="5"/></item>
<item name="BUFG_BUFG" rev="2">
<attrib name="total" value="1000000"/><attrib name="used" value="5"/></item>
<item name="CARRY4" rev="2">
<attrib name="total" value="1000000"/><attrib name="used" value="9"/></item>
<item name="FF_SR" rev="2">
<attrib name="total" value="1000000"/><attrib name="used" value="38"/></item>
<item name="HARD0" rev="2">
<attrib name="total" value="1000000"/><attrib name="used" value="2"/></item>
<item name="IOB" rev="2">
<attrib name="total" value="1000000"/><attrib name="used" value="36"/></item>
<item name="IOB_IMUX" rev="2">
<attrib name="total" value="1000000"/><attrib name="used" value="15"/></item>
<item name="IOB_INBUF" rev="2">
<attrib name="total" value="1000000"/><attrib name="used" value="15"/></item>
<item name="IOB_OUTBUF" rev="2">
<attrib name="total" value="1000000"/><attrib name="used" value="21"/></item>
<item name="LUT5" rev="2">
<attrib name="total" value="1000000"/><attrib name="used" value="76"/></item>
<item name="LUT6" rev="2">
<attrib name="total" value="1000000"/><attrib name="used" value="246"/></item>
<item name="LUT_OR_MEM5" rev="2">
<attrib name="total" value="1000000"/><attrib name="used" value="8"/></item>
<item name="LUT_OR_MEM6" rev="2">
<attrib name="total" value="1000000"/><attrib name="used" value="49"/></item>
<item name="PAD" rev="2">
<attrib name="total" value="1000000"/><attrib name="used" value="36"/></item>
<item name="REG_SR" rev="2">
<attrib name="total" value="1000000"/><attrib name="used" value="217"/></item>
<item name="SELMUX2_1" rev="2">
<attrib name="total" value="1000000"/><attrib name="used" value="26"/></item>
<item name="SLICEL" rev="2">
<attrib name="total" value="1000000"/><attrib name="used" value="19"/></item>
<item name="SLICEM" rev="2">
<attrib name="total" value="1000000"/><attrib name="used" value="13"/></item>
<item name="SLICEX" rev="2">
<attrib name="total" value="1000000"/><attrib name="used" value="91"/></item>
</group>
</DeviceUsage>
<ReportConfigData TimeStamp="Wed Jun 29 12:55:11 2016"><group name="REG_SR">
<item name="CK" rev="2">
<attrib name="CK" value="217"/><attrib name="CK_INV" value="0"/></item>
<item name="LATCH_OR_FF" rev="2">
<attrib name="FF" value="217"/></item>
<item name="SRINIT" rev="2">
<attrib name="SRINIT0" value="209"/><attrib name="SRINIT1" value="8"/></item>
<item name="SYNC_ATTR" rev="2">
<attrib name="ASYNC" value="69"/><attrib name="SYNC" value="148"/></item>
</group>
<group name="LUT_OR_MEM5">
<item name="CLK" rev="2">
<attrib name="CLK" value="8"/><attrib name="CLK_INV" value="0"/></item>
<item name="LUT_OR_MEM" rev="2">
<attrib name="RAM" value="8"/></item>
<item name="RAMMODE" rev="2">
<attrib name="DPRAM32" value="8"/></item>
</group>
<group name="LUT_OR_MEM6">
<item name="CLK" rev="2">
<attrib name="CLK" value="48"/><attrib name="CLK_INV" value="0"/></item>
<item name="LUT_OR_MEM" rev="2">
<attrib name="LUT" value="1"/><attrib name="RAM" value="48"/></item>
<item name="RAMMODE" rev="2">
<attrib name="SPRAM64" value="32"/><attrib name="DPRAM32" value="8"/><attrib name="DPRAM64" value="8"/></item>
</group>
<group name="SLICEL">
<item name="CLK" rev="2">
<attrib name="CLK" value="9"/><attrib name="CLK_INV" value="0"/></item>
</group>
<group name="SLICEM">
<item name="CLK" rev="2">
<attrib name="CLK" value="13"/><attrib name="CLK_INV" value="0"/></item>
</group>
<group name="IOB_OUTBUF">
<item name="DRIVEATTRBOX" rev="2">
<attrib name="12" value="21"/></item>
<item name="SLEW" rev="2">
<attrib name="SLOW" value="21"/></item>
<item name="SUSPEND" rev="2">
<attrib name="3STATE" value="21"/></item>
</group>
<group name="SLICEX">
<item name="CLK" rev="2">
<attrib name="CLK" value="73"/><attrib name="CLK_INV" value="0"/></item>
</group>
<group name="FF_SR">
<item name="CK" rev="2">
<attrib name="CK" value="38"/><attrib name="CK_INV" value="0"/></item>
<item name="SRINIT" rev="2">
<attrib name="SRINIT0" value="38"/></item>
<item name="SYNC_ATTR" rev="2">
<attrib name="ASYNC" value="15"/><attrib name="SYNC" value="23"/></item>
</group>
</ReportConfigData>
<ReportPinData TimeStamp="Wed Jun 29 12:55:11 2016"><group name="REG_SR">
<item name="CE" rev="2">
<attrib name="value" value="144"/></item>
<item name="CK" rev="2">
<attrib name="value" value="217"/></item>
<item name="D" rev="2">
<attrib name="value" value="217"/></item>
<item name="Q" rev="2">
<attrib name="value" value="217"/></item>
<item name="SR" rev="2">
<attrib name="value" value="200"/></item>
</group>
<group name="LUT_OR_MEM5">
<item name="A1" rev="2">
<attrib name="value" value="8"/></item>
<item name="A2" rev="2">
<attrib name="value" value="8"/></item>
<item name="A3" rev="2">
<attrib name="value" value="8"/></item>
<item name="A4" rev="2">
<attrib name="value" value="8"/></item>
<item name="A5" rev="2">
<attrib name="value" value="8"/></item>
<item name="CLK" rev="2">
<attrib name="value" value="8"/></item>
<item name="DI1" rev="2">
<attrib name="value" value="8"/></item>
<item name="O5" rev="2">
<attrib name="value" value="8"/></item>
<item name="WA1" rev="2">
<attrib name="value" value="8"/></item>
<item name="WA2" rev="2">
<attrib name="value" value="8"/></item>
<item name="WA3" rev="2">
<attrib name="value" value="8"/></item>
<item name="WA4" rev="2">
<attrib name="value" value="8"/></item>
<item name="WA5" rev="2">
<attrib name="value" value="8"/></item>
<item name="WE" rev="2">
<attrib name="value" value="8"/></item>
</group>
<group name="LUT_OR_MEM6">
<item name="A1" rev="2">
<attrib name="value" value="49"/></item>
<item name="A2" rev="2">
<attrib name="value" value="49"/></item>
<item name="A3" rev="2">
<attrib name="value" value="49"/></item>
<item name="A4" rev="2">
<attrib name="value" value="49"/></item>
<item name="A5" rev="2">
<attrib name="value" value="49"/></item>
<item name="A6" rev="2">
<attrib name="value" value="49"/></item>
<item name="CLK" rev="2">
<attrib name="value" value="48"/></item>
<item name="DI1" rev="2">
<attrib name="value" value="40"/></item>
<item name="DI2" rev="2">
<attrib name="value" value="8"/></item>
<item name="O6" rev="2">
<attrib name="value" value="43"/></item>
<item name="WA1" rev="2">
<attrib name="value" value="48"/></item>
<item name="WA2" rev="2">
<attrib name="value" value="48"/></item>
<item name="WA3" rev="2">
<attrib name="value" value="48"/></item>
<item name="WA4" rev="2">
<attrib name="value" value="48"/></item>
<item name="WA5" rev="2">
<attrib name="value" value="48"/></item>
<item name="WA6" rev="2">
<attrib name="value" value="48"/></item>
<item name="WA7" rev="2">
<attrib name="value" value="32"/></item>
<item name="WE" rev="2">
<attrib name="value" value="48"/></item>
</group>
<group name="SLICEL">
<item name="A" rev="2">
<attrib name="value" value="2"/></item>
<item name="A1" rev="2">
<attrib name="value" value="3"/></item>
<item name="A2" rev="2">
<attrib name="value" value="3"/></item>
<item name="A3" rev="2">
<attrib name="value" value="5"/></item>
<item name="A4" rev="2">
<attrib name="value" value="10"/></item>
<item name="A5" rev="2">
<attrib name="value" value="8"/></item>
<item name="A6" rev="2">
<attrib name="value" value="13"/></item>
<item name="AMUX" rev="2">
<attrib name="value" value="4"/></item>
<item name="AQ" rev="2">
<attrib name="value" value="8"/></item>
<item name="AX" rev="2">
<attrib name="value" value="4"/></item>
<item name="B" rev="2">
<attrib name="value" value="8"/></item>
<item name="B1" rev="2">
<attrib name="value" value="2"/></item>
<item name="B2" rev="2">
<attrib name="value" value="8"/></item>
<item name="B3" rev="2">
<attrib name="value" value="11"/></item>
<item name="B4" rev="2">
<attrib name="value" value="16"/></item>
<item name="B5" rev="2">
<attrib name="value" value="14"/></item>
<item name="B6" rev="2">
<attrib name="value" value="18"/></item>
<item name="BMUX" rev="2">
<attrib name="value" value="10"/></item>
<item name="BQ" rev="2">
<attrib name="value" value="8"/></item>
<item name="BX" rev="2">
<attrib name="value" value="4"/></item>
<item name="C1" rev="2">
<attrib name="value" value="9"/></item>
<item name="C2" rev="2">
<attrib name="value" value="10"/></item>
<item name="C3" rev="2">
<attrib name="value" value="11"/></item>
<item name="C4" rev="2">
<attrib name="value" value="15"/></item>
<item name="C5" rev="2">
<attrib name="value" value="14"/></item>
<item name="C6" rev="2">
<attrib name="value" value="18"/></item>
<item name="CE" rev="2">
<attrib name="value" value="1"/></item>
<item name="CIN" rev="2">
<attrib name="value" value="7"/></item>
<item name="CLK" rev="2">
<attrib name="value" value="9"/></item>
<item name="CMUX" rev="2">
<attrib name="value" value="12"/></item>
<item name="COUT" rev="2">
<attrib name="value" value="7"/></item>
<item name="CQ" rev="2">
<attrib name="value" value="7"/></item>
<item name="CX" rev="2">
<attrib name="value" value="14"/></item>
<item name="D1" rev="2">
<attrib name="value" value="8"/></item>
<item name="D2" rev="2">
<attrib name="value" value="9"/></item>
<item name="D3" rev="2">
<attrib name="value" value="10"/></item>
<item name="D4" rev="2">
<attrib name="value" value="14"/></item>
<item name="D5" rev="2">
<attrib name="value" value="14"/></item>
<item name="D6" rev="2">
<attrib name="value" value="18"/></item>
<item name="DMUX" rev="2">
<attrib name="value" value="4"/></item>
<item name="DQ" rev="2">
<attrib name="value" value="5"/></item>
<item name="DX" rev="2">
<attrib name="value" value="3"/></item>
<item name="SR" rev="2">
<attrib name="value" value="9"/></item>
</group>
<group name="SLICEM">
<item name="A1" rev="2">
<attrib name="value" value="11"/></item>
<item name="A2" rev="2">
<attrib name="value" value="11"/></item>
<item name="A3" rev="2">
<attrib name="value" value="11"/></item>
<item name="A4" rev="2">
<attrib name="value" value="11"/></item>
<item name="A5" rev="2">
<attrib name="value" value="11"/></item>
<item name="A6" rev="2">
<attrib name="value" value="11"/></item>
<item name="AI" rev="2">
<attrib name="value" value="2"/></item>
<item name="AMUX" rev="2">
<attrib name="value" value="9"/></item>
<item name="AQ" rev="2">
<attrib name="value" value="4"/></item>
<item name="AX" rev="2">
<attrib name="value" value="11"/></item>
<item name="B" rev="2">
<attrib name="value" value="1"/></item>
<item name="B1" rev="2">
<attrib name="value" value="12"/></item>
<item name="B2" rev="2">
<attrib name="value" value="12"/></item>
<item name="B3" rev="2">
<attrib name="value" value="12"/></item>
<item name="B4" rev="2">
<attrib name="value" value="12"/></item>
<item name="B5" rev="2">
<attrib name="value" value="12"/></item>
<item name="B6" rev="2">
<attrib name="value" value="12"/></item>
<item name="BI" rev="2">
<attrib name="value" value="2"/></item>
<item name="BMUX" rev="2">
<attrib name="value" value="2"/></item>
<item name="BQ" rev="2">
<attrib name="value" value="4"/></item>
<item name="BX" rev="2">
<attrib name="value" value="9"/></item>
<item name="C1" rev="2">
<attrib name="value" value="13"/></item>
<item name="C2" rev="2">
<attrib name="value" value="13"/></item>
<item name="C3" rev="2">
<attrib name="value" value="13"/></item>
<item name="C4" rev="2">
<attrib name="value" value="13"/></item>
<item name="C5" rev="2">
<attrib name="value" value="13"/></item>
<item name="C6" rev="2">
<attrib name="value" value="13"/></item>
<item name="CE" rev="2">
<attrib name="value" value="13"/></item>
<item name="CI" rev="2">
<attrib name="value" value="2"/></item>
<item name="CLK" rev="2">
<attrib name="value" value="13"/></item>
<item name="CMUX" rev="2">
<attrib name="value" value="11"/></item>
<item name="CQ" rev="2">
<attrib name="value" value="2"/></item>
<item name="CX" rev="2">
<attrib name="value" value="13"/></item>
<item name="D1" rev="2">
<attrib name="value" value="13"/></item>
<item name="D2" rev="2">
<attrib name="value" value="13"/></item>
<item name="D3" rev="2">
<attrib name="value" value="13"/></item>
<item name="D4" rev="2">
<attrib name="value" value="13"/></item>
<item name="D5" rev="2">
<attrib name="value" value="13"/></item>
<item name="D6" rev="2">
<attrib name="value" value="13"/></item>
<item name="DI" rev="2">
<attrib name="value" value="2"/></item>
<item name="DMUX" rev="2">
<attrib name="value" value="2"/></item>
<item name="DX" rev="2">
<attrib name="value" value="13"/></item>
<item name="SR" rev="2">
<attrib name="value" value="4"/></item>
<item name="WE" rev="2">
<attrib name="value" value="4"/></item>
</group>
<group name="IOB_OUTBUF">
<item name="IN" rev="2">
<attrib name="value" value="21"/></item>
<item name="OUT" rev="2">
<attrib name="value" value="21"/></item>
</group>
<group name="SLICEX">
<item name="A" rev="2">
<attrib name="value" value="41"/></item>
<item name="A1" rev="2">
<attrib name="value" value="25"/></item>
<item name="A2" rev="2">
<attrib name="value" value="47"/></item>
<item name="A3" rev="2">
<attrib name="value" value="51"/></item>
<item name="A4" rev="2">
<attrib name="value" value="64"/></item>
<item name="A5" rev="2">
<attrib name="value" value="59"/></item>
<item name="A6" rev="2">
<attrib name="value" value="60"/></item>
<item name="AMUX" rev="2">
<attrib name="value" value="12"/></item>
<item name="AQ" rev="2">
<attrib name="value" value="63"/></item>
<item name="AX" rev="2">
<attrib name="value" value="35"/></item>
<item name="B" rev="2">
<attrib name="value" value="34"/></item>
<item name="B1" rev="2">
<attrib name="value" value="28"/></item>
<item name="B2" rev="2">
<attrib name="value" value="47"/></item>
<item name="B3" rev="2">
<attrib name="value" value="48"/></item>
<item name="B4" rev="2">
<attrib name="value" value="50"/></item>
<item name="B5" rev="2">
<attrib name="value" value="55"/></item>
<item name="B6" rev="2">
<attrib name="value" value="52"/></item>
<item name="BMUX" rev="2">
<attrib name="value" value="18"/></item>
<item name="BQ" rev="2">
<attrib name="value" value="45"/></item>
<item name="BX" rev="2">
<attrib name="value" value="27"/></item>
<item name="C" rev="2">
<attrib name="value" value="26"/></item>
<item name="C1" rev="2">
<attrib name="value" value="20"/></item>
<item name="C2" rev="2">
<attrib name="value" value="28"/></item>
<item name="C3" rev="2">
<attrib name="value" value="33"/></item>
<item name="C4" rev="2">
<attrib name="value" value="37"/></item>
<item name="C5" rev="2">
<attrib name="value" value="41"/></item>
<item name="C6" rev="2">
<attrib name="value" value="38"/></item>
<item name="CE" rev="2">
<attrib name="value" value="40"/></item>
<item name="CLK" rev="2">
<attrib name="value" value="73"/></item>
<item name="CMUX" rev="2">
<attrib name="value" value="10"/></item>
<item name="CQ" rev="2">
<attrib name="value" value="41"/></item>
<item name="CX" rev="2">
<attrib name="value" value="29"/></item>
<item name="D" rev="2">
<attrib name="value" value="19"/></item>
<item name="D1" rev="2">
<attrib name="value" value="11"/></item>
<item name="D2" rev="2">
<attrib name="value" value="13"/></item>
<item name="D3" rev="2">
<attrib name="value" value="18"/></item>
<item name="D4" rev="2">
<attrib name="value" value="20"/></item>
<item name="D5" rev="2">
<attrib name="value" value="25"/></item>
<item name="D6" rev="2">
<attrib name="value" value="22"/></item>
<item name="DMUX" rev="2">
<attrib name="value" value="9"/></item>
<item name="DQ" rev="2">
<attrib name="value" value="30"/></item>
<item name="DX" rev="2">
<attrib name="value" value="27"/></item>
<item name="SR" rev="2">
<attrib name="value" value="60"/></item>
</group>
<group name="BUFG_BUFG">
<item name="I0" rev="2">
<attrib name="value" value="5"/></item>
<item name="O" rev="2">
<attrib name="value" value="5"/></item>
</group>
<group name="PAD">
<item name="PAD" rev="2">
<attrib name="value" value="36"/></item>
</group>
<group name="IOB_INBUF">
<item name="OUT" rev="2">
<attrib name="value" value="15"/></item>
<item name="PAD" rev="2">
<attrib name="value" value="15"/></item>
</group>
<group name="CARRY4">
<item name="CIN" rev="2">
<attrib name="value" value="7"/></item>
<item name="CO3" rev="2">
<attrib name="value" value="7"/></item>
<item name="CYINIT" rev="2">
<attrib name="value" value="2"/></item>
<item name="DI0" rev="2">
<attrib name="value" value="9"/></item>
<item name="DI1" rev="2">
<attrib name="value" value="8"/></item>
<item name="DI2" rev="2">
<attrib name="value" value="8"/></item>
<item name="DI3" rev="2">
<attrib name="value" value="7"/></item>
<item name="O0" rev="2">
<attrib name="value" value="9"/></item>
<item name="O1" rev="2">
<attrib name="value" value="9"/></item>
<item name="O2" rev="2">
<attrib name="value" value="8"/></item>
<item name="O3" rev="2">
<attrib name="value" value="8"/></item>
<item name="S0" rev="2">
<attrib name="value" value="9"/></item>
<item name="S1" rev="2">
<attrib name="value" value="9"/></item>
<item name="S2" rev="2">
<attrib name="value" value="8"/></item>
<item name="S3" rev="2">
<attrib name="value" value="8"/></item>
</group>
<group name="LUT5">
<item name="A1" rev="2">
<attrib name="value" value="14"/></item>
<item name="A2" rev="2">
<attrib name="value" value="34"/></item>
<item name="A3" rev="2">
<attrib name="value" value="42"/></item>
<item name="A4" rev="2">
<attrib name="value" value="27"/></item>
<item name="A5" rev="2">
<attrib name="value" value="44"/></item>
<item name="O5" rev="2">
<attrib name="value" value="76"/></item>
</group>
<group name="LUT6">
<item name="A1" rev="2">
<attrib name="value" value="96"/></item>
<item name="A2" rev="2">
<attrib name="value" value="152"/></item>
<item name="A3" rev="2">
<attrib name="value" value="181"/></item>
<item name="A4" rev="2">
<attrib name="value" value="226"/></item>
<item name="A5" rev="2">
<attrib name="value" value="218"/></item>
<item name="A6" rev="2">
<attrib name="value" value="239"/></item>
<item name="O6" rev="2">
<attrib name="value" value="246"/></item>
</group>
<group name="SELMUX2_1">
<item name="0" rev="2">
<attrib name="value" value="26"/></item>
<item name="1" rev="2">
<attrib name="value" value="26"/></item>
<item name="OUT" rev="2">
<attrib name="value" value="26"/></item>
<item name="S0" rev="2">
<attrib name="value" value="26"/></item>
</group>
<group name="IOB_IMUX">
<item name="I" rev="2">
<attrib name="value" value="15"/></item>
<item name="OUT" rev="2">
<attrib name="value" value="15"/></item>
</group>
<group name="IOB">
<item name="I" rev="2">
<attrib name="value" value="15"/></item>
<item name="O" rev="2">
<attrib name="value" value="21"/></item>
<item name="PAD" rev="2">
<attrib name="value" value="36"/></item>
</group>
<group name="HARD0">
<item name="0" rev="2">
<attrib name="value" value="2"/></item>
</group>
<group name="FF_SR">
<item name="CE" rev="2">
<attrib name="value" value="32"/></item>
<item name="CK" rev="2">
<attrib name="value" value="38"/></item>
<item name="D" rev="2">
<attrib name="value" value="38"/></item>
<item name="Q" rev="2">
<attrib name="value" value="38"/></item>
<item name="SR" rev="2">
<attrib name="value" value="37"/></item>
</group>
<group name="BUFG">
<item name="I0" rev="2">
<attrib name="value" value="5"/></item>
<item name="O" rev="2">
<attrib name="value" value="5"/></item>
</group>
</ReportPinData>
<CmdHistory>
</CmdHistory>
</DeviceUsageSummary>
